ts,dex,pair,tvl_usd,vol24_usd,turnover,fee_apr_est_pct,hot,pair_addr
2026-07-08T20:57:43.821669+00:00,orca,JTO/JitoSOL,1623765,803258915,494.689,36112.3,1,G2FiE1yn9N9ZJx5e1E2LxxMnHvb1H3hCuHLPfKJ98smA
2026-07-08T20:57:43.821669+00:00,orca,KMNO/JitoSOL,164648,76750952,466.153,34029.2,1,2nJjE2ba3iGtefN4UNM1KN5FdYCwssU4Bzhc8URceqh6
2026-07-08T20:57:43.821669+00:00,meteora,SOL/USDC,591789,21584700,36.474,2662.6,1,HTvjzsfX3yU6BUodCjZ5vZkUrAxMDTrBs3CJaq43ashR
2026-07-08T20:57:43.821669+00:00,meteora,ANSEM/USDC,291410,6499589,22.304,1628.2,1,BetLT47eFXDZnjM1cmZhQ4oNJkYaPZYH5yv6atfPfAri
2026-07-08T20:57:43.821669+00:00,orca,Fartcoin /USDC,125974,1061786,8.429,615.3,1,J5jzvT22u1Mt6de4gkBhEsTSTjBfYS7A6aF5jzu9ihkC
2026-07-08T20:57:43.821669+00:00,meteora,SOL/USDC,3855004,28965239,7.514,548.5,1,5rCf1DM8LjKTw4YqhnoLcngyZYeNnQqztScTogYHAS6
2026-07-08T20:57:43.821669+00:00,meteora,JUP/SOL,50929,381660,7.494,547.1,1,Eio6hAieGTAmKgfvbEfbnXke6o5kfEd74tqHm2Z9SFjf
2026-07-08T20:57:43.821669+00:00,orca,SOL/USDC,24899345,99010114,3.976,290.3,1,Czfq3xZZDmsdGdUyrNLtRhGc47cXcZtLG4crryfu44zE
2026-07-08T20:57:43.821669+00:00,orca,KMNO/USDC,1282278,3964240,3.092,225.7,1,3ndjN1nJVUKGrJBc1hhVpER6kWTZKHdyDrPyCJyX3CXK
2026-07-08T20:57:43.821669+00:00,meteora,JUP/USDC,333112,846464,2.541,185.5,1,HfgjZDmexhFVD28Vkb1NbQwWeXP3uDcVTLPjSGHmRHhL
2026-07-08T20:57:43.821669+00:00,orca,JUP/SOL,310030,769171,2.481,181.1,1,C1MgLojNLWBKADvu9BHdtgzz1oZX4dZ5zGdGcgvvW8Wz
2026-07-08T20:57:43.821669+00:00,meteora,SOL/USDC,88351,187695,2.124,155.1,1,7tSbDdxxUPMiJmVQ7o1ufynyodQ6SQetEoxYWPEjuAec
2026-07-08T20:57:43.821669+00:00,meteora,SOL/USDC,2643944,4740916,1.793,130.9,1,BGm1tav58oGcsQJehL9WXBFXF7D27vZsKefj4xJKD5Y
2026-07-08T20:57:43.821669+00:00,orca,SOL/USDC,219556,347480,1.583,115.5,1,FpCMFDFGYotvufJ7HrFHsWEiiQCGbkLCtwHiDnh7o28Q
2026-07-08T20:57:43.821669+00:00,orca,JitoSOL/USDC,352131,484967,1.377,100.5,1,5hWJUNTtEtKmKgDXpthJXXRRmJrz5vJ7uJzrUNVdrwLg
2026-07-08T20:57:43.821669+00:00,meteora,JUP/SOL,1101415,1440632,1.308,95.5,1,C8Gr6AUuq9hEdSYJzoEpNcdjpojPZwqG5MtQbeouNNwg
2026-07-08T20:57:43.821669+00:00,orca,JUP/USDC,53807,68251,1.268,92.6,1,4Ui9QdDNuUaAGqCPcDSp191QrixLzQiLxJ1Gnqvz3szP
2026-07-08T20:57:43.821669+00:00,meteora,SOL/USDC,1209007,1092772,0.904,66.0,1,8Pm2kZpnxD3hoMmt4bjStX2Pw2Z9abpbHzZxMPqxPmie
2026-07-08T20:57:43.821669+00:00,meteora,SOL/USDC,686206,571078,0.832,60.8,1,CgqwPLSFfht89pF5RSKGUUMFj5zRxoUt4861w2SkXaqY
2026-07-08T20:57:43.821669+00:00,orca,$WIF/SOL,109048,85432,0.783,57.2,1,D6NdKrKNQPmRZCCnG1GqXtF7MMoHB7qR6GU5TkG59Qz1
2026-07-08T20:57:43.821669+00:00,orca,USDC/USDT,1214511,771480,0.635,46.4,0,4fuUiYxTQ6QCrdSq9ouBYcTM7bqSwYTSyLueGZLTy4T4
2026-07-08T20:57:43.821669+00:00,orca,SOL/USDT,476685,286628,0.601,43.9,0,FwewVm8u6tFPGewAyHmWAqad9hmF7mvqxK4mJ7iNqqGC
2026-07-08T20:57:43.821669+00:00,orca,SOL/USDC,189901,80037,0.421,30.8,0,7qbRF6YsyGuLUVs6Y1q64bdVrfe4ZcUUz1JRdoVNUJnm
2026-07-08T20:57:43.821669+00:00,meteora,ANTFUN/USDT,15263680,3332352,0.218,15.9,0,9p3aRWnbu5vAmHXvsToMGfwmbkTJSwGr5G5xxSxmkB8N
2026-07-08T20:57:43.821669+00:00,meteora,FO/USDT,2386306,425639,0.178,13.0,0,EXXfbVutbuexDZtPw8pkSvWxLFoUMBHd544CAGkmtPZm
2026-07-08T20:57:43.821669+00:00,orca,JitoSOL/SOL,6201506,699439,0.113,8.2,0,Hp53XEtt4S8SvPCXarsLSdGfZBuUr5mMmZmX2DRNXQKp
2026-07-08T20:57:43.821669+00:00,meteora,JitoSOL/SOL,2106839,149378,0.071,5.2,0,ERgpKaq59Nnfm9YRVAAhnq16cZhHxGcDoDWCzXbhiaNw
2026-07-08T20:57:43.821669+00:00,meteora,JitoSOL/SOL,2873700,131099,0.046,3.3,0,BoeMUkCLHchTD31HdXsbDExuZZfcUppSLpYtV3LZTH6U
2026-07-08T20:57:43.821669+00:00,orca,SOL/USDC,2539744,94306,0.037,2.7,0,EGZ7tiLeH62TPV1gL8WwbXGzEPa9zmcpVnnkPKKnrE2U
2026-07-08T20:57:43.821669+00:00,meteora,FO/USDT,10187406,196056,0.019,1.4,0,AXXo7N2gcLeVyo8nDsN99UW8Fv6NCsa2DP21WD3SKtM3
2026-07-08T21:14:38.431735+00:00,orca,JTO/JitoSOL,1603589,803281900,500.928,36567.7,1,G2FiE1yn9N9ZJx5e1E2LxxMnHvb1H3hCuHLPfKJ98smA
2026-07-08T21:14:38.431735+00:00,orca,KMNO/JitoSOL,164678,76749349,466.058,34022.3,1,2nJjE2ba3iGtefN4UNM1KN5FdYCwssU4Bzhc8URceqh6
2026-07-08T21:14:38.431735+00:00,meteora,SOL/USDC,591111,22040285,37.286,2721.9,1,HTvjzsfX3yU6BUodCjZ5vZkUrAxMDTrBs3CJaq43ashR
2026-07-08T21:14:38.431735+00:00,meteora,ANSEM/USDC,291857,6474931,22.185,1619.5,1,BetLT47eFXDZnjM1cmZhQ4oNJkYaPZYH5yv6atfPfAri
2026-07-08T21:14:38.431735+00:00,orca,Fartcoin /USDC,125734,1058516,8.419,614.6,1,J5jzvT22u1Mt6de4gkBhEsTSTjBfYS7A6aF5jzu9ihkC
2026-07-08T21:14:38.431735+00:00,meteora,JUP/SOL,50762,382671,7.538,550.3,1,Eio6hAieGTAmKgfvbEfbnXke6o5kfEd74tqHm2Z9SFjf
2026-07-08T21:14:38.431735+00:00,meteora,SOL/USDC,3854997,28706772,7.447,543.6,1,5rCf1DM8LjKTw4YqhnoLcngyZYeNnQqztScTogYHAS6
2026-07-08T21:14:38.431735+00:00,orca,SOL/USDC,24867762,98335490,3.954,288.7,1,Czfq3xZZDmsdGdUyrNLtRhGc47cXcZtLG4crryfu44zE
2026-07-08T21:14:38.431735+00:00,orca,KMNO/USDC,1279652,3936927,3.077,224.6,1,3ndjN1nJVUKGrJBc1hhVpER6kWTZKHdyDrPyCJyX3CXK
2026-07-08T21:14:38.431735+00:00,meteora,JUP/USDC,331824,840428,2.533,184.9,1,HfgjZDmexhFVD28Vkb1NbQwWeXP3uDcVTLPjSGHmRHhL
2026-07-08T21:14:38.431735+00:00,orca,JUP/SOL,308966,769769,2.491,181.9,1,C1MgLojNLWBKADvu9BHdtgzz1oZX4dZ5zGdGcgvvW8Wz
2026-07-08T21:14:38.431735+00:00,meteora,SOL/USDC,88318,184888,2.093,152.8,1,7tSbDdxxUPMiJmVQ7o1ufynyodQ6SQetEoxYWPEjuAec
2026-07-08T21:14:38.431735+00:00,meteora,SOL/USDC,2640362,4697530,1.779,129.9,1,BGm1tav58oGcsQJehL9WXBFXF7D27vZsKefj4xJKD5Y
2026-07-08T21:14:38.431735+00:00,orca,SOL/USDC,219404,346279,1.578,115.2,1,FpCMFDFGYotvufJ7HrFHsWEiiQCGbkLCtwHiDnh7o28Q
2026-07-08T21:14:38.431735+00:00,orca,JitoSOL/USDC,351847,481953,1.37,100.0,1,5hWJUNTtEtKmKgDXpthJXXRRmJrz5vJ7uJzrUNVdrwLg
2026-07-08T21:14:38.431735+00:00,meteora,JUP/SOL,1097657,1433975,1.306,95.4,1,C8Gr6AUuq9hEdSYJzoEpNcdjpojPZwqG5MtQbeouNNwg
2026-07-08T21:14:38.431735+00:00,orca,JUP/USDC,53624,68465,1.277,93.2,1,4Ui9QdDNuUaAGqCPcDSp191QrixLzQiLxJ1Gnqvz3szP
2026-07-08T21:14:38.431735+00:00,meteora,SOL/USDC,1207582,1087532,0.901,65.7,1,8Pm2kZpnxD3hoMmt4bjStX2Pw2Z9abpbHzZxMPqxPmie
2026-07-08T21:14:38.431735+00:00,orca,$WIF/SOL,108752,85431,0.786,57.3,1,D6NdKrKNQPmRZCCnG1GqXtF7MMoHB7qR6GU5TkG59Qz1
2026-07-08T21:14:38.431735+00:00,meteora,SOL/USDC,686206,537173,0.783,57.1,1,CgqwPLSFfht89pF5RSKGUUMFj5zRxoUt4861w2SkXaqY
2026-07-08T21:14:38.431735+00:00,orca,USDC/USDT,1214447,771693,0.635,46.4,0,4fuUiYxTQ6QCrdSq9ouBYcTM7bqSwYTSyLueGZLTy4T4
2026-07-08T21:14:38.431735+00:00,orca,SOL/USDT,476031,285585,0.6,43.8,0,FwewVm8u6tFPGewAyHmWAqad9hmF7mvqxK4mJ7iNqqGC
2026-07-08T21:14:38.431735+00:00,orca,SOL/USDC,189725,79686,0.42,30.7,0,7qbRF6YsyGuLUVs6Y1q64bdVrfe4ZcUUz1JRdoVNUJnm
2026-07-08T21:14:38.431735+00:00,meteora,ANTFUN/USDT,15264062,3331282,0.218,15.9,0,9p3aRWnbu5vAmHXvsToMGfwmbkTJSwGr5G5xxSxmkB8N
2026-07-08T21:14:38.431735+00:00,meteora,FO/USDT,2388350,424107,0.178,13.0,0,EXXfbVutbuexDZtPw8pkSvWxLFoUMBHd544CAGkmtPZm
2026-07-08T21:14:38.431735+00:00,orca,JitoSOL/SOL,6191854,670497,0.108,7.9,0,Hp53XEtt4S8SvPCXarsLSdGfZBuUr5mMmZmX2DRNXQKp
2026-07-08T21:14:38.431735+00:00,meteora,JitoSOL/SOL,2106839,139897,0.066,4.8,0,ERgpKaq59Nnfm9YRVAAhnq16cZhHxGcDoDWCzXbhiaNw
2026-07-08T21:14:38.431735+00:00,meteora,JitoSOL/SOL,2868946,129062,0.045,3.3,0,BoeMUkCLHchTD31HdXsbDExuZZfcUppSLpYtV3LZTH6U
2026-07-08T21:14:38.431735+00:00,orca,SOL/USDC,2538202,95127,0.037,2.7,0,EGZ7tiLeH62TPV1gL8WwbXGzEPa9zmcpVnnkPKKnrE2U
2026-07-08T21:14:38.431735+00:00,meteora,FO/USDT,10192897,195460,0.019,1.4,0,AXXo7N2gcLeVyo8nDsN99UW8Fv6NCsa2DP21WD3SKtM3
2026-07-08T21:31:11.159838+00:00,orca,JTO/JitoSOL,1610390,803280999,498.812,36413.2,1,G2FiE1yn9N9ZJx5e1E2LxxMnHvb1H3hCuHLPfKJ98smA
2026-07-08T21:31:11.159838+00:00,orca,KMNO/JitoSOL,163704,76747845,468.82,34223.8,1,2nJjE2ba3iGtefN4UNM1KN5FdYCwssU4Bzhc8URceqh6
2026-07-08T21:31:11.159838+00:00,meteora,SOL/USDC,593282,22303505,37.593,2744.3,1,HTvjzsfX3yU6BUodCjZ5vZkUrAxMDTrBs3CJaq43ashR
2026-07-08T21:31:11.159838+00:00,meteora,ANSEM/USDC,292527,6409304,21.91,1599.4,1,BetLT47eFXDZnjM1cmZhQ4oNJkYaPZYH5yv6atfPfAri
2026-07-08T21:31:11.159838+00:00,orca,Fartcoin /USDC,125540,1051682,8.377,611.5,1,J5jzvT22u1Mt6de4gkBhEsTSTjBfYS7A6aF5jzu9ihkC
2026-07-08T21:31:11.159838+00:00,meteora,JUP/SOL,50783,380530,7.493,547.0,1,Eio6hAieGTAmKgfvbEfbnXke6o5kfEd74tqHm2Z9SFjf
2026-07-08T21:31:11.159838+00:00,meteora,SOL/USDC,3862021,28379316,7.348,536.4,1,5rCf1DM8LjKTw4YqhnoLcngyZYeNnQqztScTogYHAS6
2026-07-08T21:31:11.159838+00:00,orca,SOL/USDC,24895552,97140884,3.902,284.8,1,Czfq3xZZDmsdGdUyrNLtRhGc47cXcZtLG4crryfu44zE
2026-07-08T21:31:11.159838+00:00,orca,KMNO/USDC,1275768,3908694,3.064,223.7,1,3ndjN1nJVUKGrJBc1hhVpER6kWTZKHdyDrPyCJyX3CXK
2026-07-08T21:31:11.159838+00:00,meteora,JUP/USDC,331457,830803,2.507,183.0,1,HfgjZDmexhFVD28Vkb1NbQwWeXP3uDcVTLPjSGHmRHhL
2026-07-08T21:31:11.159838+00:00,orca,JUP/SOL,309162,766379,2.479,181.0,1,C1MgLojNLWBKADvu9BHdtgzz1oZX4dZ5zGdGcgvvW8Wz
2026-07-08T21:31:11.159838+00:00,meteora,SOL/USDC,88373,183010,2.071,151.2,1,7tSbDdxxUPMiJmVQ7o1ufynyodQ6SQetEoxYWPEjuAec
2026-07-08T21:31:11.159838+00:00,meteora,SOL/USDC,2642021,4596068,1.74,127.0,1,BGm1tav58oGcsQJehL9WXBFXF7D27vZsKefj4xJKD5Y
2026-07-08T21:31:11.159838+00:00,orca,SOL/USDC,219621,345190,1.572,114.7,1,FpCMFDFGYotvufJ7HrFHsWEiiQCGbkLCtwHiDnh7o28Q
2026-07-08T21:31:11.159838+00:00,orca,JitoSOL/USDC,352351,478556,1.358,99.1,1,5hWJUNTtEtKmKgDXpthJXXRRmJrz5vJ7uJzrUNVdrwLg
2026-07-08T21:31:11.159838+00:00,meteora,JUP/SOL,1091820,1451976,1.33,97.1,1,C8Gr6AUuq9hEdSYJzoEpNcdjpojPZwqG5MtQbeouNNwg
2026-07-08T21:31:11.159838+00:00,orca,JUP/USDC,53619,68226,1.272,92.9,1,4Ui9QdDNuUaAGqCPcDSp191QrixLzQiLxJ1Gnqvz3szP
2026-07-08T21:31:11.159838+00:00,meteora,SOL/USDC,1209791,1080264,0.893,65.2,1,8Pm2kZpnxD3hoMmt4bjStX2Pw2Z9abpbHzZxMPqxPmie
2026-07-08T21:31:11.159838+00:00,orca,$WIF/SOL,109121,84608,0.775,56.6,1,D6NdKrKNQPmRZCCnG1GqXtF7MMoHB7qR6GU5TkG59Qz1
2026-07-08T21:31:11.159838+00:00,meteora,SOL/USDC,686206,530377,0.773,56.4,1,CgqwPLSFfht89pF5RSKGUUMFj5zRxoUt4861w2SkXaqY
2026-07-08T21:31:11.159838+00:00,orca,USDC/USDT,1211190,796906,0.658,48.0,0,4fuUiYxTQ6QCrdSq9ouBYcTM7bqSwYTSyLueGZLTy4T4
2026-07-08T21:31:11.159838+00:00,orca,SOL/USDT,476903,283833,0.595,43.4,0,FwewVm8u6tFPGewAyHmWAqad9hmF7mvqxK4mJ7iNqqGC
2026-07-08T21:31:11.159838+00:00,orca,SOL/USDC,189995,78895,0.415,30.3,0,7qbRF6YsyGuLUVs6Y1q64bdVrfe4ZcUUz1JRdoVNUJnm
2026-07-08T21:31:11.159838+00:00,meteora,ANTFUN/USDT,15201865,3334580,0.219,16.0,0,9p3aRWnbu5vAmHXvsToMGfwmbkTJSwGr5G5xxSxmkB8N
2026-07-08T21:31:11.159838+00:00,meteora,FO/USDT,2390805,422990,0.177,12.9,0,EXXfbVutbuexDZtPw8pkSvWxLFoUMBHd544CAGkmtPZm
2026-07-08T21:31:11.159838+00:00,orca,JitoSOL/SOL,6202736,670541,0.108,7.9,0,Hp53XEtt4S8SvPCXarsLSdGfZBuUr5mMmZmX2DRNXQKp
2026-07-08T21:31:11.159838+00:00,meteora,JitoSOL/SOL,2106839,139640,0.066,4.8,0,ERgpKaq59Nnfm9YRVAAhnq16cZhHxGcDoDWCzXbhiaNw
2026-07-08T21:31:11.159838+00:00,meteora,JitoSOL/SOL,2868946,128918,0.045,3.3,0,BoeMUkCLHchTD31HdXsbDExuZZfcUppSLpYtV3LZTH6U
2026-07-08T21:31:11.159838+00:00,orca,SOL/USDC,2538037,92281,0.036,2.7,0,EGZ7tiLeH62TPV1gL8WwbXGzEPa9zmcpVnnkPKKnrE2U
2026-07-08T21:31:11.159838+00:00,meteora,FO/USDT,10192897,194293,0.019,1.4,0,AXXo7N2gcLeVyo8nDsN99UW8Fv6NCsa2DP21WD3SKtM3
2026-07-08T21:45:33.011620+00:00,orca,JTO/JitoSOL,1612301,803279533,498.219,36370.0,1,G2FiE1yn9N9ZJx5e1E2LxxMnHvb1H3hCuHLPfKJ98smA
2026-07-08T21:45:33.011620+00:00,orca,KMNO/JitoSOL,163649,76747762,468.978,34235.4,1,2nJjE2ba3iGtefN4UNM1KN5FdYCwssU4Bzhc8URceqh6
2026-07-08T21:45:33.011620+00:00,meteora,SOL/USDC,599719,22803452,38.024,2775.7,1,HTvjzsfX3yU6BUodCjZ5vZkUrAxMDTrBs3CJaq43ashR
2026-07-08T21:45:33.011620+00:00,meteora,ANSEM/USDC,292110,6319885,21.635,1579.4,1,BetLT47eFXDZnjM1cmZhQ4oNJkYaPZYH5yv6atfPfAri
2026-07-08T21:45:33.011620+00:00,orca,Fartcoin /USDC,125544,1042907,8.307,606.4,1,J5jzvT22u1Mt6de4gkBhEsTSTjBfYS7A6aF5jzu9ihkC
2026-07-08T21:45:33.011620+00:00,meteora,JUP/SOL,50816,374990,7.379,538.7,1,Eio6hAieGTAmKgfvbEfbnXke6o5kfEd74tqHm2Z9SFjf
2026-07-08T21:45:33.011620+00:00,meteora,SOL/USDC,3862294,28212191,7.305,533.2,1,5rCf1DM8LjKTw4YqhnoLcngyZYeNnQqztScTogYHAS6
2026-07-08T21:45:33.011620+00:00,orca,SOL/USDC,24919170,96703142,3.881,283.3,1,Czfq3xZZDmsdGdUyrNLtRhGc47cXcZtLG4crryfu44zE
2026-07-08T21:45:33.011620+00:00,orca,KMNO/USDC,1273063,3910420,3.072,224.2,1,3ndjN1nJVUKGrJBc1hhVpER6kWTZKHdyDrPyCJyX3CXK
2026-07-08T21:45:33.011620+00:00,orca,JUP/SOL,309217,756941,2.448,178.7,1,C1MgLojNLWBKADvu9BHdtgzz1oZX4dZ5zGdGcgvvW8Wz
2026-07-08T21:45:33.011620+00:00,meteora,JUP/USDC,331815,811316,2.445,178.5,1,HfgjZDmexhFVD28Vkb1NbQwWeXP3uDcVTLPjSGHmRHhL
2026-07-08T21:45:33.011620+00:00,meteora,SOL/USDC,88384,180716,2.045,149.3,1,7tSbDdxxUPMiJmVQ7o1ufynyodQ6SQetEoxYWPEjuAec
2026-07-08T21:45:33.011620+00:00,meteora,SOL/USDC,2649669,4578898,1.728,126.2,1,BGm1tav58oGcsQJehL9WXBFXF7D27vZsKefj4xJKD5Y
2026-07-08T21:45:33.011620+00:00,orca,SOL/USDC,219639,344277,1.567,114.4,1,FpCMFDFGYotvufJ7HrFHsWEiiQCGbkLCtwHiDnh7o28Q
2026-07-08T21:45:33.011620+00:00,orca,JitoSOL/USDC,352567,477268,1.354,98.8,1,5hWJUNTtEtKmKgDXpthJXXRRmJrz5vJ7uJzrUNVdrwLg
2026-07-08T21:45:33.011620+00:00,meteora,JUP/SOL,1091820,1415262,1.296,94.6,1,C8Gr6AUuq9hEdSYJzoEpNcdjpojPZwqG5MtQbeouNNwg
2026-07-08T21:45:33.011620+00:00,orca,JUP/USDC,53593,67731,1.264,92.3,1,4Ui9QdDNuUaAGqCPcDSp191QrixLzQiLxJ1Gnqvz3szP
2026-07-08T21:45:33.011620+00:00,meteora,SOL/USDC,1210669,1077686,0.89,65.0,1,8Pm2kZpnxD3hoMmt4bjStX2Pw2Z9abpbHzZxMPqxPmie
2026-07-08T21:45:33.011620+00:00,orca,$WIF/SOL,109400,84658,0.774,56.5,1,D6NdKrKNQPmRZCCnG1GqXtF7MMoHB7qR6GU5TkG59Qz1
2026-07-08T21:45:33.011620+00:00,meteora,SOL/USDC,686206,523569,0.763,55.7,1,CgqwPLSFfht89pF5RSKGUUMFj5zRxoUt4861w2SkXaqY
2026-07-08T21:45:33.011620+00:00,orca,USDC/USDT,1211194,797640,0.659,48.1,0,4fuUiYxTQ6QCrdSq9ouBYcTM7bqSwYTSyLueGZLTy4T4
2026-07-08T21:45:33.011620+00:00,orca,SOL/USDT,477183,281862,0.591,43.1,0,FwewVm8u6tFPGewAyHmWAqad9hmF7mvqxK4mJ7iNqqGC
2026-07-08T21:45:33.011620+00:00,orca,SOL/USDC,190022,78316,0.412,30.1,0,7qbRF6YsyGuLUVs6Y1q64bdVrfe4ZcUUz1JRdoVNUJnm
2026-07-08T21:45:33.011620+00:00,meteora,ANTFUN/USDT,15207149,3334911,0.219,16.0,0,9p3aRWnbu5vAmHXvsToMGfwmbkTJSwGr5G5xxSxmkB8N
2026-07-08T21:45:33.011620+00:00,meteora,FO/USDT,2386762,421624,0.177,12.9,0,EXXfbVutbuexDZtPw8pkSvWxLFoUMBHd544CAGkmtPZm
2026-07-08T21:45:33.011620+00:00,orca,JitoSOL/SOL,6202736,670530,0.108,7.9,0,Hp53XEtt4S8SvPCXarsLSdGfZBuUr5mMmZmX2DRNXQKp
2026-07-08T21:45:33.011620+00:00,meteora,JitoSOL/SOL,2106839,139640,0.066,4.8,0,ERgpKaq59Nnfm9YRVAAhnq16cZhHxGcDoDWCzXbhiaNw
2026-07-08T21:45:33.011620+00:00,meteora,JitoSOL/SOL,2875276,124354,0.043,3.2,0,BoeMUkCLHchTD31HdXsbDExuZZfcUppSLpYtV3LZTH6U
2026-07-08T21:45:33.011620+00:00,orca,SOL/USDC,2538037,91443,0.036,2.6,0,EGZ7tiLeH62TPV1gL8WwbXGzEPa9zmcpVnnkPKKnrE2U
2026-07-08T21:45:33.011620+00:00,meteora,FO/USDT,10192897,193814,0.019,1.4,0,AXXo7N2gcLeVyo8nDsN99UW8Fv6NCsa2DP21WD3SKtM3
2026-07-08T22:01:20.281248+00:00,orca,JTO/JitoSOL,1617491,803283122,496.623,36253.5,1,G2FiE1yn9N9ZJx5e1E2LxxMnHvb1H3hCuHLPfKJ98smA
2026-07-08T22:01:20.281248+00:00,orca,KMNO/JitoSOL,164212,76746606,467.363,34117.5,1,2nJjE2ba3iGtefN4UNM1KN5FdYCwssU4Bzhc8URceqh6
2026-07-08T22:01:20.281248+00:00,meteora,SOL/USDC,600595,23390189,38.945,2843.0,1,HTvjzsfX3yU6BUodCjZ5vZkUrAxMDTrBs3CJaq43ashR
2026-07-08T22:01:20.281248+00:00,meteora,ANSEM/USDC,294941,6272529,21.267,1552.5,1,BetLT47eFXDZnjM1cmZhQ4oNJkYaPZYH5yv6atfPfAri
2026-07-08T22:01:20.281248+00:00,meteora,JUP/SOL,50898,372148,7.312,533.7,1,Eio6hAieGTAmKgfvbEfbnXke6o5kfEd74tqHm2Z9SFjf
2026-07-08T22:01:20.281248+00:00,meteora,SOL/USDC,3866472,27933788,7.225,527.4,1,5rCf1DM8LjKTw4YqhnoLcngyZYeNnQqztScTogYHAS6
2026-07-08T22:01:20.281248+00:00,orca,SOL/USDC,24960093,95689794,3.834,279.9,1,Czfq3xZZDmsdGdUyrNLtRhGc47cXcZtLG4crryfu44zE
2026-07-08T22:01:20.281248+00:00,orca,KMNO/USDC,1275176,3894368,3.054,222.9,1,3ndjN1nJVUKGrJBc1hhVpER6kWTZKHdyDrPyCJyX3CXK
2026-07-08T22:01:20.281248+00:00,orca,JUP/SOL,309733,753649,2.433,177.6,1,C1MgLojNLWBKADvu9BHdtgzz1oZX4dZ5zGdGcgvvW8Wz
2026-07-08T22:01:20.281248+00:00,meteora,JUP/USDC,332080,797428,2.401,175.3,1,HfgjZDmexhFVD28Vkb1NbQwWeXP3uDcVTLPjSGHmRHhL
2026-07-08T22:01:20.281248+00:00,meteora,SOL/USDC,88426,178580,2.02,147.4,1,7tSbDdxxUPMiJmVQ7o1ufynyodQ6SQetEoxYWPEjuAec
2026-07-08T22:01:20.281248+00:00,meteora,SOL/USDC,2648513,4506932,1.702,124.2,1,BGm1tav58oGcsQJehL9WXBFXF7D27vZsKefj4xJKD5Y
2026-07-08T22:01:20.281248+00:00,orca,SOL/USDC,219830,342400,1.558,113.7,1,FpCMFDFGYotvufJ7HrFHsWEiiQCGbkLCtwHiDnh7o28Q
2026-07-08T22:01:20.281248+00:00,orca,JitoSOL/USDC,352681,474612,1.346,98.2,1,5hWJUNTtEtKmKgDXpthJXXRRmJrz5vJ7uJzrUNVdrwLg
2026-07-08T22:01:20.281248+00:00,meteora,JUP/SOL,1091820,1415262,1.296,94.6,1,C8Gr6AUuq9hEdSYJzoEpNcdjpojPZwqG5MtQbeouNNwg
2026-07-08T22:01:20.281248+00:00,orca,JUP/USDC,53682,67445,1.256,91.7,1,4Ui9QdDNuUaAGqCPcDSp191QrixLzQiLxJ1Gnqvz3szP
2026-07-08T22:01:20.281248+00:00,meteora,SOL/USDC,1211788,1071581,0.884,64.6,1,8Pm2kZpnxD3hoMmt4bjStX2Pw2Z9abpbHzZxMPqxPmie
2026-07-08T22:01:20.281248+00:00,orca,$WIF/SOL,109397,84508,0.772,56.4,1,D6NdKrKNQPmRZCCnG1GqXtF7MMoHB7qR6GU5TkG59Qz1
2026-07-08T22:01:20.281248+00:00,meteora,SOL/USDC,686206,509948,0.743,54.2,1,CgqwPLSFfht89pF5RSKGUUMFj5zRxoUt4861w2SkXaqY
2026-07-08T22:01:20.281248+00:00,orca,USDC/USDT,1211193,729006,0.602,43.9,0,4fuUiYxTQ6QCrdSq9ouBYcTM7bqSwYTSyLueGZLTy4T4
2026-07-08T22:01:20.281248+00:00,orca,SOL/USDT,477861,279641,0.585,42.7,0,FwewVm8u6tFPGewAyHmWAqad9hmF7mvqxK4mJ7iNqqGC
2026-07-08T22:01:20.281248+00:00,orca,SOL/USDC,190223,77815,0.409,29.9,0,7qbRF6YsyGuLUVs6Y1q64bdVrfe4ZcUUz1JRdoVNUJnm
2026-07-08T22:01:20.281248+00:00,meteora,ANTFUN/USDT,15202107,3332828,0.219,16.0,0,9p3aRWnbu5vAmHXvsToMGfwmbkTJSwGr5G5xxSxmkB8N
2026-07-08T22:01:20.281248+00:00,meteora,FO/USDT,2364353,426063,0.18,13.2,0,EXXfbVutbuexDZtPw8pkSvWxLFoUMBHd544CAGkmtPZm
2026-07-08T22:01:20.281248+00:00,orca,JitoSOL/SOL,6219202,670513,0.108,7.9,0,Hp53XEtt4S8SvPCXarsLSdGfZBuUr5mMmZmX2DRNXQKp
2026-07-08T22:01:20.281248+00:00,meteora,JitoSOL/SOL,2106839,139603,0.066,4.8,0,ERgpKaq59Nnfm9YRVAAhnq16cZhHxGcDoDWCzXbhiaNw
2026-07-08T22:01:20.281248+00:00,meteora,JUP/MET,34590537,2174831,0.063,4.6,0,22nssrrJJBRDBsvnVjZfQEidAFmxpY2YNtJACU5g4qeN
2026-07-08T22:01:20.281248+00:00,meteora,JitoSOL/SOL,2875276,124335,0.043,3.2,0,BoeMUkCLHchTD31HdXsbDExuZZfcUppSLpYtV3LZTH6U
2026-07-08T22:01:20.281248+00:00,orca,SOL/USDC,2538037,90563,0.036,2.6,0,EGZ7tiLeH62TPV1gL8WwbXGzEPa9zmcpVnnkPKKnrE2U
2026-07-08T22:01:20.281248+00:00,meteora,FO/USDT,10160164,195630,0.019,1.4,0,AXXo7N2gcLeVyo8nDsN99UW8Fv6NCsa2DP21WD3SKtM3
2026-07-08T22:15:11.915235+00:00,orca,JTO/JitoSOL,1622718,803286444,495.025,36136.8,1,G2FiE1yn9N9ZJx5e1E2LxxMnHvb1H3hCuHLPfKJ98smA
2026-07-08T22:15:11.915235+00:00,orca,KMNO/JitoSOL,164417,76746411,466.78,34074.9,1,2nJjE2ba3iGtefN4UNM1KN5FdYCwssU4Bzhc8URceqh6
2026-07-08T22:15:11.915235+00:00,meteora,SOL/USDC,600735,24060497,40.052,2923.8,1,HTvjzsfX3yU6BUodCjZ5vZkUrAxMDTrBs3CJaq43ashR
2026-07-08T22:15:11.915235+00:00,meteora,ANSEM/USDC,295369,6231676,21.098,1540.1,1,BetLT47eFXDZnjM1cmZhQ4oNJkYaPZYH5yv6atfPfAri
2026-07-08T22:15:11.915235+00:00,meteora,JUP/SOL,51034,370610,7.262,530.1,1,Eio6hAieGTAmKgfvbEfbnXke6o5kfEd74tqHm2Z9SFjf
2026-07-08T22:15:11.915235+00:00,meteora,SOL/USDC,3864184,27609223,7.145,521.6,1,5rCf1DM8LjKTw4YqhnoLcngyZYeNnQqztScTogYHAS6
2026-07-08T22:15:11.915235+00:00,orca,SOL/USDC,24943840,94552290,3.791,276.7,1,Czfq3xZZDmsdGdUyrNLtRhGc47cXcZtLG4crryfu44zE
2026-07-08T22:15:11.915235+00:00,orca,KMNO/USDC,1277396,3891037,3.046,222.4,1,3ndjN1nJVUKGrJBc1hhVpER6kWTZKHdyDrPyCJyX3CXK
2026-07-08T22:15:11.915235+00:00,orca,JUP/SOL,310678,749955,2.414,176.2,1,C1MgLojNLWBKADvu9BHdtgzz1oZX4dZ5zGdGcgvvW8Wz
2026-07-08T22:15:11.915235+00:00,meteora,JUP/USDC,332729,783902,2.356,172.0,1,HfgjZDmexhFVD28Vkb1NbQwWeXP3uDcVTLPjSGHmRHhL
2026-07-08T22:15:11.915235+00:00,meteora,SOL/USDC,88413,179021,2.025,147.8,1,7tSbDdxxUPMiJmVQ7o1ufynyodQ6SQetEoxYWPEjuAec
2026-07-08T22:15:11.915235+00:00,meteora,SOL/USDC,2651784,4448519,1.678,122.5,1,BGm1tav58oGcsQJehL9WXBFXF7D27vZsKefj4xJKD5Y
2026-07-08T22:15:11.915235+00:00,orca,SOL/USDC,219758,340356,1.549,113.1,1,FpCMFDFGYotvufJ7HrFHsWEiiQCGbkLCtwHiDnh7o28Q
2026-07-08T22:15:11.915235+00:00,orca,JitoSOL/USDC,352634,471399,1.337,97.6,1,5hWJUNTtEtKmKgDXpthJXXRRmJrz5vJ7uJzrUNVdrwLg
2026-07-08T22:15:11.915235+00:00,meteora,JUP/SOL,1102774,1415700,1.284,93.7,1,C8Gr6AUuq9hEdSYJzoEpNcdjpojPZwqG5MtQbeouNNwg
2026-07-08T22:15:11.915235+00:00,orca,JUP/USDC,53871,66820,1.24,90.5,1,4Ui9QdDNuUaAGqCPcDSp191QrixLzQiLxJ1Gnqvz3szP
2026-07-08T22:15:11.915235+00:00,meteora,SOL/USDC,1211901,1065199,0.879,64.2,1,8Pm2kZpnxD3hoMmt4bjStX2Pw2Z9abpbHzZxMPqxPmie
2026-07-08T22:15:11.915235+00:00,orca,$WIF/SOL,109530,83396,0.761,55.6,1,D6NdKrKNQPmRZCCnG1GqXtF7MMoHB7qR6GU5TkG59Qz1
2026-07-08T22:15:11.915235+00:00,meteora,SOL/USDC,689996,489532,0.709,51.8,1,CgqwPLSFfht89pF5RSKGUUMFj5zRxoUt4861w2SkXaqY
2026-07-08T22:15:11.915235+00:00,orca,USDC/USDT,1211193,728580,0.602,43.9,0,4fuUiYxTQ6QCrdSq9ouBYcTM7bqSwYTSyLueGZLTy4T4
2026-07-08T22:15:11.915235+00:00,orca,SOL/USDT,477559,276631,0.579,42.3,0,FwewVm8u6tFPGewAyHmWAqad9hmF7mvqxK4mJ7iNqqGC
2026-07-08T22:15:11.915235+00:00,orca,SOL/USDC,190140,77261,0.406,29.7,0,7qbRF6YsyGuLUVs6Y1q64bdVrfe4ZcUUz1JRdoVNUJnm
2026-07-08T22:15:11.915235+00:00,meteora,ANTFUN/USDT,15202108,3332169,0.219,16.0,0,9p3aRWnbu5vAmHXvsToMGfwmbkTJSwGr5G5xxSxmkB8N
2026-07-08T22:15:11.915235+00:00,meteora,FO/USDT,2365947,424635,0.179,13.1,0,EXXfbVutbuexDZtPw8pkSvWxLFoUMBHd544CAGkmtPZm
2026-07-08T22:15:11.915235+00:00,meteora,JUP/MET,201070495,33156174,0.165,12.0,0,3xNGdc58axYtrJ64STQz5TrdQWVtWHLR888iRBbWZnEe
2026-07-08T22:15:11.915235+00:00,orca,JitoSOL/SOL,6220006,670630,0.108,7.9,0,Hp53XEtt4S8SvPCXarsLSdGfZBuUr5mMmZmX2DRNXQKp
2026-07-08T22:15:11.915235+00:00,meteora,JitoSOL/SOL,2106839,139603,0.066,4.8,0,ERgpKaq59Nnfm9YRVAAhnq16cZhHxGcDoDWCzXbhiaNw
2026-07-08T22:15:11.915235+00:00,meteora,JitoSOL/SOL,2879372,124157,0.043,3.1,0,BoeMUkCLHchTD31HdXsbDExuZZfcUppSLpYtV3LZTH6U
2026-07-08T22:15:11.915235+00:00,orca,SOL/USDC,2546766,90059,0.035,2.6,0,EGZ7tiLeH62TPV1gL8WwbXGzEPa9zmcpVnnkPKKnrE2U
2026-07-08T22:15:11.915235+00:00,meteora,FO/USDT,10160164,194721,0.019,1.4,0,AXXo7N2gcLeVyo8nDsN99UW8Fv6NCsa2DP21WD3SKtM3
2026-07-08T22:15:11.915235+00:00,meteora,JUP/MET,54792836,665095,0.012,0.9,0,Hk25q7zys179Awoyaa15DVT8DmLECwyha1F8Drp3r9Bj
2026-07-08T22:15:33.230661+00:00,orca,JTO/JitoSOL,1622718,803286444,495.025,36136.8,1,G2FiE1yn9N9ZJx5e1E2LxxMnHvb1H3hCuHLPfKJ98smA
2026-07-08T22:15:33.230661+00:00,orca,KMNO/JitoSOL,164417,76746411,466.78,34074.9,1,2nJjE2ba3iGtefN4UNM1KN5FdYCwssU4Bzhc8URceqh6
2026-07-08T22:15:33.230661+00:00,meteora,SOL/USDC,600582,24062933,40.066,2924.8,1,HTvjzsfX3yU6BUodCjZ5vZkUrAxMDTrBs3CJaq43ashR
2026-07-08T22:15:33.230661+00:00,meteora,ANSEM/USDC,295369,6231703,21.098,1540.2,1,BetLT47eFXDZnjM1cmZhQ4oNJkYaPZYH5yv6atfPfAri
2026-07-08T22:15:33.230661+00:00,meteora,JUP/SOL,51017,370612,7.264,530.3,1,Eio6hAieGTAmKgfvbEfbnXke6o5kfEd74tqHm2Z9SFjf
2026-07-08T22:15:33.230661+00:00,meteora,SOL/USDC,3864184,27594951,7.141,521.3,1,5rCf1DM8LjKTw4YqhnoLcngyZYeNnQqztScTogYHAS6
2026-07-08T22:15:33.230661+00:00,orca,SOL/USDC,24957192,94519886,3.787,276.5,1,Czfq3xZZDmsdGdUyrNLtRhGc47cXcZtLG4crryfu44zE
2026-07-08T22:15:33.230661+00:00,orca,KMNO/USDC,1277396,3891037,3.046,222.4,1,3ndjN1nJVUKGrJBc1hhVpER6kWTZKHdyDrPyCJyX3CXK
2026-07-08T22:15:33.230661+00:00,orca,JUP/SOL,310678,749900,2.414,176.2,1,C1MgLojNLWBKADvu9BHdtgzz1oZX4dZ5zGdGcgvvW8Wz
2026-07-08T22:15:33.230661+00:00,meteora,JUP/USDC,332729,783902,2.356,172.0,1,HfgjZDmexhFVD28Vkb1NbQwWeXP3uDcVTLPjSGHmRHhL
2026-07-08T22:15:33.230661+00:00,meteora,SOL/USDC,88413,178990,2.024,147.8,1,7tSbDdxxUPMiJmVQ7o1ufynyodQ6SQetEoxYWPEjuAec
2026-07-08T22:15:33.230661+00:00,meteora,SOL/USDC,2651784,4448507,1.678,122.5,1,BGm1tav58oGcsQJehL9WXBFXF7D27vZsKefj4xJKD5Y
2026-07-08T22:15:33.230661+00:00,orca,SOL/USDC,219758,340149,1.548,113.0,1,FpCMFDFGYotvufJ7HrFHsWEiiQCGbkLCtwHiDnh7o28Q
2026-07-08T22:15:33.230661+00:00,orca,JitoSOL/USDC,352634,471201,1.336,97.5,1,5hWJUNTtEtKmKgDXpthJXXRRmJrz5vJ7uJzrUNVdrwLg
2026-07-08T22:15:33.230661+00:00,meteora,JUP/SOL,1102774,1415700,1.284,93.7,1,C8Gr6AUuq9hEdSYJzoEpNcdjpojPZwqG5MtQbeouNNwg
2026-07-08T22:15:33.230661+00:00,orca,JUP/USDC,53871,66820,1.24,90.5,1,4Ui9QdDNuUaAGqCPcDSp191QrixLzQiLxJ1Gnqvz3szP
2026-07-08T22:15:33.230661+00:00,meteora,SOL/USDC,1211901,1065030,0.879,64.2,1,8Pm2kZpnxD3hoMmt4bjStX2Pw2Z9abpbHzZxMPqxPmie
2026-07-08T22:15:33.230661+00:00,orca,$WIF/SOL,109530,83396,0.761,55.6,1,D6NdKrKNQPmRZCCnG1GqXtF7MMoHB7qR6GU5TkG59Qz1
2026-07-08T22:15:33.230661+00:00,meteora,SOL/USDC,689996,489532,0.709,51.8,1,CgqwPLSFfht89pF5RSKGUUMFj5zRxoUt4861w2SkXaqY
2026-07-08T22:15:33.230661+00:00,orca,USDC/USDT,1211193,728580,0.602,43.9,0,4fuUiYxTQ6QCrdSq9ouBYcTM7bqSwYTSyLueGZLTy4T4
2026-07-08T22:15:33.230661+00:00,orca,SOL/USDT,477559,276517,0.579,42.3,0,FwewVm8u6tFPGewAyHmWAqad9hmF7mvqxK4mJ7iNqqGC
2026-07-08T22:15:33.230661+00:00,orca,SOL/USDC,190140,77251,0.406,29.7,0,7qbRF6YsyGuLUVs6Y1q64bdVrfe4ZcUUz1JRdoVNUJnm
2026-07-08T22:15:33.230661+00:00,meteora,ANTFUN/USDT,15202108,3332169,0.219,16.0,0,9p3aRWnbu5vAmHXvsToMGfwmbkTJSwGr5G5xxSxmkB8N
2026-07-08T22:15:33.230661+00:00,meteora,FO/USDT,2365964,424697,0.18,13.1,0,EXXfbVutbuexDZtPw8pkSvWxLFoUMBHd544CAGkmtPZm
2026-07-08T22:15:33.230661+00:00,meteora,JUP/MET,201070495,33156174,0.165,12.0,0,3xNGdc58axYtrJ64STQz5TrdQWVtWHLR888iRBbWZnEe
2026-07-08T22:15:33.230661+00:00,orca,JitoSOL/SOL,6220006,670630,0.108,7.9,0,Hp53XEtt4S8SvPCXarsLSdGfZBuUr5mMmZmX2DRNXQKp
2026-07-08T22:15:33.230661+00:00,meteora,JitoSOL/SOL,2106839,139603,0.066,4.8,0,ERgpKaq59Nnfm9YRVAAhnq16cZhHxGcDoDWCzXbhiaNw
2026-07-08T22:15:33.230661+00:00,meteora,JitoSOL/SOL,2879372,124156,0.043,3.1,0,BoeMUkCLHchTD31HdXsbDExuZZfcUppSLpYtV3LZTH6U
2026-07-08T22:15:33.230661+00:00,orca,SOL/USDC,2546766,89914,0.035,2.6,0,EGZ7tiLeH62TPV1gL8WwbXGzEPa9zmcpVnnkPKKnrE2U
2026-07-08T22:15:33.230661+00:00,meteora,FO/USDT,10160164,194721,0.019,1.4,0,AXXo7N2gcLeVyo8nDsN99UW8Fv6NCsa2DP21WD3SKtM3
2026-07-08T22:15:33.230661+00:00,meteora,JUP/MET,54792836,665095,0.012,0.9,0,Hk25q7zys179Awoyaa15DVT8DmLECwyha1F8Drp3r9Bj
2026-07-08T22:31:16.327030+00:00,orca,JTO/JitoSOL,1616677,803287814,496.876,36271.9,1,G2FiE1yn9N9ZJx5e1E2LxxMnHvb1H3hCuHLPfKJ98smA
2026-07-08T22:31:16.327030+00:00,orca,KMNO/JitoSOL,163759,76744012,468.64,34210.7,1,2nJjE2ba3iGtefN4UNM1KN5FdYCwssU4Bzhc8URceqh6
2026-07-08T22:31:16.327030+00:00,meteora,SOL/USDC,601445,24584429,40.876,2983.9,1,HTvjzsfX3yU6BUodCjZ5vZkUrAxMDTrBs3CJaq43ashR
2026-07-08T22:31:16.327030+00:00,meteora,ANSEM/USDC,299896,6218662,20.736,1513.7,1,BetLT47eFXDZnjM1cmZhQ4oNJkYaPZYH5yv6atfPfAri
2026-07-08T22:31:16.327030+00:00,meteora,JUP/SOL,51130,371286,7.262,530.1,1,Eio6hAieGTAmKgfvbEfbnXke6o5kfEd74tqHm2Z9SFjf
2026-07-08T22:31:16.327030+00:00,meteora,SOL/USDC,3877262,27495264,7.091,517.7,1,5rCf1DM8LjKTw4YqhnoLcngyZYeNnQqztScTogYHAS6
2026-07-08T22:31:16.327030+00:00,orca,SOL/USDC,24988492,94258125,3.772,275.4,1,Czfq3xZZDmsdGdUyrNLtRhGc47cXcZtLG4crryfu44zE
2026-07-08T22:31:16.327030+00:00,orca,KMNO/USDC,1274780,3868867,3.035,221.5,1,3ndjN1nJVUKGrJBc1hhVpER6kWTZKHdyDrPyCJyX3CXK
2026-07-08T22:31:16.327030+00:00,orca,JUP/SOL,311200,750227,2.411,176.0,1,C1MgLojNLWBKADvu9BHdtgzz1oZX4dZ5zGdGcgvvW8Wz
2026-07-08T22:31:16.327030+00:00,meteora,JUP/USDC,332759,782848,2.353,171.7,1,HfgjZDmexhFVD28Vkb1NbQwWeXP3uDcVTLPjSGHmRHhL
2026-07-08T22:31:16.327030+00:00,meteora,SOL/USDC,88447,177689,2.009,146.7,1,7tSbDdxxUPMiJmVQ7o1ufynyodQ6SQetEoxYWPEjuAec
2026-07-08T22:31:16.327030+00:00,meteora,SOL/USDC,2653774,4442757,1.674,122.2,1,BGm1tav58oGcsQJehL9WXBFXF7D27vZsKefj4xJKD5Y
2026-07-08T22:31:16.327030+00:00,orca,SOL/USDC,219918,340034,1.546,112.9,1,FpCMFDFGYotvufJ7HrFHsWEiiQCGbkLCtwHiDnh7o28Q
2026-07-08T22:31:16.327030+00:00,orca,JitoSOL/USDC,353126,470013,1.331,97.2,1,5hWJUNTtEtKmKgDXpthJXXRRmJrz5vJ7uJzrUNVdrwLg
2026-07-08T22:31:16.327030+00:00,meteora,JUP/SOL,1097685,1396992,1.273,92.9,1,C8Gr6AUuq9hEdSYJzoEpNcdjpojPZwqG5MtQbeouNNwg
2026-07-08T22:31:16.327030+00:00,orca,JUP/USDC,53978,67207,1.245,90.9,1,4Ui9QdDNuUaAGqCPcDSp191QrixLzQiLxJ1Gnqvz3szP
2026-07-08T22:31:16.327030+00:00,meteora,SOL/USDC,1213964,1066956,0.879,64.2,1,8Pm2kZpnxD3hoMmt4bjStX2Pw2Z9abpbHzZxMPqxPmie
2026-07-08T22:31:16.327030+00:00,orca,$WIF/SOL,109741,83659,0.762,55.7,1,D6NdKrKNQPmRZCCnG1GqXtF7MMoHB7qR6GU5TkG59Qz1
2026-07-08T22:31:16.327030+00:00,meteora,SOL/USDC,689996,489532,0.709,51.8,1,CgqwPLSFfht89pF5RSKGUUMFj5zRxoUt4861w2SkXaqY
2026-07-08T22:31:16.327030+00:00,orca,USDC/USDT,1211193,728790,0.602,43.9,0,4fuUiYxTQ6QCrdSq9ouBYcTM7bqSwYTSyLueGZLTy4T4
2026-07-08T22:31:16.327030+00:00,orca,SOL/USDT,478354,275921,0.577,42.1,0,FwewVm8u6tFPGewAyHmWAqad9hmF7mvqxK4mJ7iNqqGC
2026-07-08T22:31:16.327030+00:00,orca,SOL/USDC,190386,77180,0.405,29.6,0,7qbRF6YsyGuLUVs6Y1q64bdVrfe4ZcUUz1JRdoVNUJnm
2026-07-08T22:31:16.327030+00:00,meteora,ANTFUN/USDT,15202315,3330902,0.219,16.0,0,9p3aRWnbu5vAmHXvsToMGfwmbkTJSwGr5G5xxSxmkB8N
2026-07-08T22:31:16.327030+00:00,meteora,FO/USDT,2361917,424221,0.18,13.1,0,EXXfbVutbuexDZtPw8pkSvWxLFoUMBHd544CAGkmtPZm
2026-07-08T22:31:16.327030+00:00,meteora,JUP/MET,202986193,35759998,0.176,12.9,0,3xNGdc58axYtrJ64STQz5TrdQWVtWHLR888iRBbWZnEe
2026-07-08T22:31:16.327030+00:00,orca,JitoSOL/SOL,6218018,653758,0.105,7.7,0,Hp53XEtt4S8SvPCXarsLSdGfZBuUr5mMmZmX2DRNXQKp
2026-07-08T22:31:16.327030+00:00,meteora,JUP/MET,34941892,3432738,0.098,7.2,0,22nssrrJJBRDBsvnVjZfQEidAFmxpY2YNtJACU5g4qeN
2026-07-08T22:31:16.327030+00:00,meteora,JitoSOL/SOL,2106839,138964,0.066,4.8,0,ERgpKaq59Nnfm9YRVAAhnq16cZhHxGcDoDWCzXbhiaNw
2026-07-08T22:31:16.327030+00:00,meteora,JitoSOL/SOL,2879372,124152,0.043,3.1,0,BoeMUkCLHchTD31HdXsbDExuZZfcUppSLpYtV3LZTH6U
2026-07-08T22:31:16.327030+00:00,orca,SOL/USDC,2546766,88679,0.035,2.5,0,EGZ7tiLeH62TPV1gL8WwbXGzEPa9zmcpVnnkPKKnrE2U
2026-07-08T22:31:16.327030+00:00,meteora,FO/USDT,10160164,193498,0.019,1.4,0,AXXo7N2gcLeVyo8nDsN99UW8Fv6NCsa2DP21WD3SKtM3
2026-07-08T22:45:35.212841+00:00,meteora,SOL/USDC,597112,24996714,41.863,3056.0,1,HTvjzsfX3yU6BUodCjZ5vZkUrAxMDTrBs3CJaq43ashR
2026-07-08T22:45:35.212841+00:00,meteora,ANSEM/USDC,292701,6214132,21.23,1549.8,1,BetLT47eFXDZnjM1cmZhQ4oNJkYaPZYH5yv6atfPfAri
2026-07-08T22:45:35.212841+00:00,orca,JitoSOL/SOL,58222,614814,10.56,770.9,1,Hp53XEtt4S8SvPCXarsLSdGfZBuUr5mMmZmX2DRNXQKp
2026-07-08T22:45:35.212841+00:00,meteora,JUP/SOL,51100,373881,7.317,534.1,1,Eio6hAieGTAmKgfvbEfbnXke6o5kfEd74tqHm2Z9SFjf
2026-07-08T22:45:35.212841+00:00,meteora,SOL/USDC,3880163,27386946,7.058,515.2,1,5rCf1DM8LjKTw4YqhnoLcngyZYeNnQqztScTogYHAS6
2026-07-08T22:45:35.212841+00:00,orca,SOL/USDC,24999903,93911146,3.756,274.2,1,Czfq3xZZDmsdGdUyrNLtRhGc47cXcZtLG4crryfu44zE
2026-07-08T22:45:35.212841+00:00,orca,KMNO/USDC,1270249,3867696,3.045,222.3,1,3ndjN1nJVUKGrJBc1hhVpER6kWTZKHdyDrPyCJyX3CXK
2026-07-08T22:45:35.212841+00:00,orca,JUP/SOL,310963,752381,2.42,176.6,1,C1MgLojNLWBKADvu9BHdtgzz1oZX4dZ5zGdGcgvvW8Wz
2026-07-08T22:45:35.212841+00:00,meteora,JUP/USDC,333093,777802,2.335,170.5,1,HfgjZDmexhFVD28Vkb1NbQwWeXP3uDcVTLPjSGHmRHhL
2026-07-08T22:45:35.212841+00:00,meteora,SOL/USDC,88472,177467,2.006,146.4,1,7tSbDdxxUPMiJmVQ7o1ufynyodQ6SQetEoxYWPEjuAec
2026-07-08T22:45:35.212841+00:00,meteora,SOL/USDC,2653081,4423571,1.667,121.7,1,BGm1tav58oGcsQJehL9WXBFXF7D27vZsKefj4xJKD5Y
2026-07-08T22:45:35.212841+00:00,orca,SOL/USDC,220027,339565,1.543,112.7,1,FpCMFDFGYotvufJ7HrFHsWEiiQCGbkLCtwHiDnh7o28Q
2026-07-08T22:45:35.212841+00:00,meteora,JUP/SOL,1097685,1396977,1.273,92.9,1,C8Gr6AUuq9hEdSYJzoEpNcdjpojPZwqG5MtQbeouNNwg
2026-07-08T22:45:35.212841+00:00,orca,JUP/USDC,53905,67163,1.246,91.0,1,4Ui9QdDNuUaAGqCPcDSp191QrixLzQiLxJ1Gnqvz3szP
2026-07-08T22:45:35.212841+00:00,orca,JitoSOL/USDC,353160,327708,0.928,67.7,1,5hWJUNTtEtKmKgDXpthJXXRRmJrz5vJ7uJzrUNVdrwLg
2026-07-08T22:45:35.212841+00:00,meteora,SOL/USDC,1214198,1066538,0.878,64.1,1,8Pm2kZpnxD3hoMmt4bjStX2Pw2Z9abpbHzZxMPqxPmie
2026-07-08T22:45:35.212841+00:00,orca,$WIF/SOL,109500,83871,0.766,55.9,1,D6NdKrKNQPmRZCCnG1GqXtF7MMoHB7qR6GU5TkG59Qz1
2026-07-08T22:45:35.212841+00:00,meteora,SOL/USDC,689996,489530,0.709,51.8,1,CgqwPLSFfht89pF5RSKGUUMFj5zRxoUt4861w2SkXaqY
2026-07-08T22:45:35.212841+00:00,orca,USDC/USDT,1211193,728431,0.601,43.9,0,4fuUiYxTQ6QCrdSq9ouBYcTM7bqSwYTSyLueGZLTy4T4
2026-07-08T22:45:35.212841+00:00,orca,SOL/USDT,478734,275588,0.576,42.0,0,FwewVm8u6tFPGewAyHmWAqad9hmF7mvqxK4mJ7iNqqGC
2026-07-08T22:45:35.212841+00:00,orca,JitoSOL/ONe,153015,64671,0.423,30.9,0,4MKCGZ9X9VYcFqkTTJhWBEVScw1EVPcW1SUrHx5TrPzK
2026-07-08T22:45:35.212841+00:00,orca,SOL/USDC,190387,76273,0.401,29.2,0,7qbRF6YsyGuLUVs6Y1q64bdVrfe4ZcUUz1JRdoVNUJnm
2026-07-08T22:45:35.212841+00:00,meteora,ANTFUN/USDT,15202320,3341075,0.22,16.0,0,9p3aRWnbu5vAmHXvsToMGfwmbkTJSwGr5G5xxSxmkB8N
2026-07-08T22:45:35.212841+00:00,meteora,JUP/MET,205583524,41016038,0.2,14.6,0,3xNGdc58axYtrJ64STQz5TrdQWVtWHLR888iRBbWZnEe
2026-07-08T22:45:35.212841+00:00,meteora,FO/USDT,2363933,422525,0.179,13.0,0,EXXfbVutbuexDZtPw8pkSvWxLFoUMBHd544CAGkmtPZm
2026-07-08T22:45:35.212841+00:00,meteora,JUP/MET,35480022,3729472,0.105,7.7,0,22nssrrJJBRDBsvnVjZfQEidAFmxpY2YNtJACU5g4qeN
2026-07-08T22:45:35.212841+00:00,orca,JitoSOL/KMNO,800280646,79028544,0.099,7.2,0,2nJjE2ba3iGtefN4UNM1KN5FdYCwssU4Bzhc8URceqh6
2026-07-08T22:45:35.212841+00:00,meteora,JitoSOL/SOL,2106839,135552,0.064,4.7,0,ERgpKaq59Nnfm9YRVAAhnq16cZhHxGcDoDWCzXbhiaNw
2026-07-08T22:45:35.212841+00:00,meteora,JitoSOL/SOL,2529056,118910,0.047,3.4,0,BoeMUkCLHchTD31HdXsbDExuZZfcUppSLpYtV3LZTH6U
2026-07-08T22:45:35.212841+00:00,orca,SOL/USDC,2546782,87979,0.035,2.5,0,EGZ7tiLeH62TPV1gL8WwbXGzEPa9zmcpVnnkPKKnrE2U
2026-07-08T22:45:35.212841+00:00,meteora,JUP/MET,2082752,70616,0.034,2.5,0,Ehp5ZXxifoYG2eh3h1izb9QCNmPuLte4SF5s2dEJtQUA
2026-07-08T22:45:35.212841+00:00,orca,$WIF/Bonk,13292579,269066,0.02,1.5,0,56Ekyu6uBpTna3LR2qkjHjNbDNkCLWK2Lt3uWh7J2R8Z
2026-07-08T22:45:35.212841+00:00,meteora,FO/USDT,10160164,192825,0.019,1.4,0,AXXo7N2gcLeVyo8nDsN99UW8Fv6NCsa2DP21WD3SKtM3
2026-07-08T22:45:35.212841+00:00,meteora,JUP/MET,55314627,796831,0.014,1.1,0,Hk25q7zys179Awoyaa15DVT8DmLECwyha1F8Drp3r9Bj
2026-07-08T23:01:15.853361+00:00,meteora,SOL/USDC,612472,25221809,41.18,3006.2,1,HTvjzsfX3yU6BUodCjZ5vZkUrAxMDTrBs3CJaq43ashR
2026-07-08T23:01:15.853361+00:00,meteora,ANSEM/USDC,285974,6229064,21.782,1590.1,1,BetLT47eFXDZnjM1cmZhQ4oNJkYaPZYH5yv6atfPfAri
2026-07-08T23:01:15.853361+00:00,meteora,JUP/SOL,51155,373945,7.31,533.6,1,Eio6hAieGTAmKgfvbEfbnXke6o5kfEd74tqHm2Z9SFjf
2026-07-08T23:01:15.853361+00:00,meteora,SOL/USDC,3880910,27283953,7.03,513.2,1,5rCf1DM8LjKTw4YqhnoLcngyZYeNnQqztScTogYHAS6
2026-07-08T23:01:15.853361+00:00,orca,SOL/USDC,24981498,93677989,3.75,273.7,1,Czfq3xZZDmsdGdUyrNLtRhGc47cXcZtLG4crryfu44zE
2026-07-08T23:01:15.853361+00:00,orca,KMNO/USDC,1271829,3853274,3.03,221.2,1,3ndjN1nJVUKGrJBc1hhVpER6kWTZKHdyDrPyCJyX3CXK
2026-07-08T23:01:15.853361+00:00,orca,JUP/SOL,311250,753049,2.419,176.6,1,C1MgLojNLWBKADvu9BHdtgzz1oZX4dZ5zGdGcgvvW8Wz
2026-07-08T23:01:15.853361+00:00,meteora,JUP/USDC,333093,777802,2.335,170.5,1,HfgjZDmexhFVD28Vkb1NbQwWeXP3uDcVTLPjSGHmRHhL
2026-07-08T23:01:15.853361+00:00,meteora,SOL/USDC,88482,178183,2.014,147.0,1,7tSbDdxxUPMiJmVQ7o1ufynyodQ6SQetEoxYWPEjuAec
2026-07-08T23:01:15.853361+00:00,meteora,SOL/USDC,2655838,4406546,1.659,121.1,1,BGm1tav58oGcsQJehL9WXBFXF7D27vZsKefj4xJKD5Y
2026-07-08T23:01:15.853361+00:00,orca,SOL/USDC,220096,339428,1.542,112.6,1,FpCMFDFGYotvufJ7HrFHsWEiiQCGbkLCtwHiDnh7o28Q
2026-07-08T23:01:15.853361+00:00,meteora,JUP/SOL,1097685,1396977,1.273,92.9,1,C8Gr6AUuq9hEdSYJzoEpNcdjpojPZwqG5MtQbeouNNwg
2026-07-08T23:01:15.853361+00:00,orca,JUP/USDC,53918,67096,1.244,90.8,1,4Ui9QdDNuUaAGqCPcDSp191QrixLzQiLxJ1Gnqvz3szP
2026-07-08T23:01:15.853361+00:00,orca,JitoSOL/USDC,353323,327070,0.926,67.6,1,5hWJUNTtEtKmKgDXpthJXXRRmJrz5vJ7uJzrUNVdrwLg
2026-07-08T23:01:15.853361+00:00,meteora,SOL/USDC,1215019,1064912,0.876,64.0,1,8Pm2kZpnxD3hoMmt4bjStX2Pw2Z9abpbHzZxMPqxPmie
2026-07-08T23:01:15.853361+00:00,orca,$WIF/SOL,109654,83993,0.766,55.9,1,D6NdKrKNQPmRZCCnG1GqXtF7MMoHB7qR6GU5TkG59Qz1
2026-07-08T23:01:15.853361+00:00,meteora,SOL/USDC,688658,502901,0.73,53.3,1,CgqwPLSFfht89pF5RSKGUUMFj5zRxoUt4861w2SkXaqY
2026-07-08T23:01:15.853361+00:00,orca,SOL/USDT,478982,270631,0.565,41.2,0,FwewVm8u6tFPGewAyHmWAqad9hmF7mvqxK4mJ7iNqqGC
2026-07-08T23:01:15.853361+00:00,orca,USDC/USDT,1211263,676932,0.559,40.8,0,4fuUiYxTQ6QCrdSq9ouBYcTM7bqSwYTSyLueGZLTy4T4
2026-07-08T23:01:15.853361+00:00,orca,JitoSOL/ONe,153173,64584,0.422,30.8,0,4MKCGZ9X9VYcFqkTTJhWBEVScw1EVPcW1SUrHx5TrPzK
2026-07-08T23:01:15.853361+00:00,orca,SOL/USDC,190389,76165,0.4,29.2,0,7qbRF6YsyGuLUVs6Y1q64bdVrfe4ZcUUz1JRdoVNUJnm
2026-07-08T23:01:15.853361+00:00,meteora,JUP/MET,204799560,46030681,0.225,16.4,0,3xNGdc58axYtrJ64STQz5TrdQWVtWHLR888iRBbWZnEe
2026-07-08T23:01:15.853361+00:00,meteora,ANTFUN/USDT,15264177,3338659,0.219,16.0,0,9p3aRWnbu5vAmHXvsToMGfwmbkTJSwGr5G5xxSxmkB8N
2026-07-08T23:01:15.853361+00:00,meteora,FO/USDT,2360300,420892,0.178,13.0,0,EXXfbVutbuexDZtPw8pkSvWxLFoUMBHd544CAGkmtPZm
2026-07-08T23:01:15.853361+00:00,meteora,JUP/MET,35443235,4025318,0.114,8.3,0,22nssrrJJBRDBsvnVjZfQEidAFmxpY2YNtJACU5g4qeN
2026-07-08T23:01:15.853361+00:00,orca,JitoSOL/SOL,5478328,573689,0.105,7.6,0,Hp53XEtt4S8SvPCXarsLSdGfZBuUr5mMmZmX2DRNXQKp
2026-07-08T23:01:15.853361+00:00,orca,JitoSOL/KMNO,800364634,80023078,0.1,7.3,0,2nJjE2ba3iGtefN4UNM1KN5FdYCwssU4Bzhc8URceqh6
2026-07-08T23:01:15.853361+00:00,meteora,JitoSOL/SOL,2106839,132672,0.063,4.6,0,ERgpKaq59Nnfm9YRVAAhnq16cZhHxGcDoDWCzXbhiaNw
2026-07-08T23:01:15.853361+00:00,meteora,JitoSOL/SOL,2538820,118911,0.047,3.4,0,BoeMUkCLHchTD31HdXsbDExuZZfcUppSLpYtV3LZTH6U
2026-07-08T23:01:15.853361+00:00,orca,SOL/USDC,2548262,88791,0.035,2.5,0,EGZ7tiLeH62TPV1gL8WwbXGzEPa9zmcpVnnkPKKnrE2U
2026-07-08T23:01:15.853361+00:00,meteora,JUP/MET,2082777,71152,0.034,2.5,0,Ehp5ZXxifoYG2eh3h1izb9QCNmPuLte4SF5s2dEJtQUA
2026-07-08T23:01:15.853361+00:00,orca,$WIF/Bonk,13372068,392196,0.029,2.1,0,56Ekyu6uBpTna3LR2qkjHjNbDNkCLWK2Lt3uWh7J2R8Z
2026-07-08T23:01:15.853361+00:00,orca,JUP/MET,2198523,52853,0.024,1.8,0,GB7fr2MbeDBiP7fGL87XAhruT9gbSCt1fRYqffJ6eder
2026-07-08T23:01:15.853361+00:00,meteora,FO/USDT,10160164,191756,0.019,1.4,0,AXXo7N2gcLeVyo8nDsN99UW8Fv6NCsa2DP21WD3SKtM3
2026-07-08T23:01:15.853361+00:00,meteora,JUP/MET,56127668,931828,0.017,1.2,0,Hk25q7zys179Awoyaa15DVT8DmLECwyha1F8Drp3r9Bj
2026-07-08T23:15:34.632975+00:00,meteora,SOL/USDC,613251,25298317,41.253,3011.5,1,HTvjzsfX3yU6BUodCjZ5vZkUrAxMDTrBs3CJaq43ashR
2026-07-08T23:15:34.632975+00:00,meteora,ANSEM/USDC,285099,6237694,21.879,1597.2,1,BetLT47eFXDZnjM1cmZhQ4oNJkYaPZYH5yv6atfPfAri
2026-07-08T23:15:34.632975+00:00,meteora,JUP/SOL,51153,374713,7.325,534.8,1,Eio6hAieGTAmKgfvbEfbnXke6o5kfEd74tqHm2Z9SFjf
2026-07-08T23:15:34.632975+00:00,meteora,SOL/USDC,3881134,27183077,7.004,511.3,1,5rCf1DM8LjKTw4YqhnoLcngyZYeNnQqztScTogYHAS6
2026-07-08T23:15:34.632975+00:00,orca,SOL/USDC,24995898,93481606,3.74,273.0,1,Czfq3xZZDmsdGdUyrNLtRhGc47cXcZtLG4crryfu44zE
2026-07-08T23:15:34.632975+00:00,orca,KMNO/USDC,1272698,3852974,3.027,221.0,1,3ndjN1nJVUKGrJBc1hhVpER6kWTZKHdyDrPyCJyX3CXK
2026-07-08T23:15:34.632975+00:00,orca,JUP/SOL,311497,755364,2.425,177.0,1,C1MgLojNLWBKADvu9BHdtgzz1oZX4dZ5zGdGcgvvW8Wz
2026-07-08T23:15:34.632975+00:00,meteora,JUP/USDC,333093,777802,2.335,170.5,1,HfgjZDmexhFVD28Vkb1NbQwWeXP3uDcVTLPjSGHmRHhL
2026-07-08T23:15:34.632975+00:00,meteora,SOL/USDC,88502,178404,2.016,147.2,1,7tSbDdxxUPMiJmVQ7o1ufynyodQ6SQetEoxYWPEjuAec
2026-07-08T23:15:34.632975+00:00,meteora,SOL/USDC,2651429,4383736,1.653,120.7,1,BGm1tav58oGcsQJehL9WXBFXF7D27vZsKefj4xJKD5Y
2026-07-08T23:15:34.632975+00:00,orca,SOL/USDC,220250,338496,1.537,112.2,1,FpCMFDFGYotvufJ7HrFHsWEiiQCGbkLCtwHiDnh7o28Q
2026-07-08T23:15:34.632975+00:00,meteora,JUP/SOL,1097685,1396977,1.273,92.9,1,C8Gr6AUuq9hEdSYJzoEpNcdjpojPZwqG5MtQbeouNNwg
2026-07-08T23:15:34.632975+00:00,orca,JUP/USDC,53923,67033,1.243,90.7,1,4Ui9QdDNuUaAGqCPcDSp191QrixLzQiLxJ1Gnqvz3szP
2026-07-08T23:15:34.632975+00:00,orca,JitoSOL/USDC,353440,326774,0.925,67.5,1,5hWJUNTtEtKmKgDXpthJXXRRmJrz5vJ7uJzrUNVdrwLg
2026-07-08T23:15:34.632975+00:00,meteora,SOL/USDC,1216556,1064265,0.875,63.9,1,8Pm2kZpnxD3hoMmt4bjStX2Pw2Z9abpbHzZxMPqxPmie
2026-07-08T23:15:34.632975+00:00,orca,$WIF/SOL,109776,84214,0.767,56.0,1,D6NdKrKNQPmRZCCnG1GqXtF7MMoHB7qR6GU5TkG59Qz1
2026-07-08T23:15:34.632975+00:00,meteora,SOL/USDC,689162,524056,0.76,55.5,1,CgqwPLSFfht89pF5RSKGUUMFj5zRxoUt4861w2SkXaqY
2026-07-08T23:15:34.632975+00:00,orca,SOL/USDT,479595,269661,0.562,41.0,0,FwewVm8u6tFPGewAyHmWAqad9hmF7mvqxK4mJ7iNqqGC
2026-07-08T23:15:34.632975+00:00,orca,USDC/USDT,1211191,676824,0.559,40.8,0,4fuUiYxTQ6QCrdSq9ouBYcTM7bqSwYTSyLueGZLTy4T4
2026-07-08T23:15:34.632975+00:00,orca,JitoSOL/ONe,153255,64389,0.42,30.7,0,4MKCGZ9X9VYcFqkTTJhWBEVScw1EVPcW1SUrHx5TrPzK
2026-07-08T23:15:34.632975+00:00,orca,SOL/USDC,190532,75953,0.399,29.1,0,7qbRF6YsyGuLUVs6Y1q64bdVrfe4ZcUUz1JRdoVNUJnm
2026-07-08T23:15:34.632975+00:00,meteora,JUP/MET,205632193,48426917,0.236,17.2,0,3xNGdc58axYtrJ64STQz5TrdQWVtWHLR888iRBbWZnEe
2026-07-08T23:15:34.632975+00:00,meteora,ANTFUN/USDT,15207840,3347446,0.22,16.1,0,9p3aRWnbu5vAmHXvsToMGfwmbkTJSwGr5G5xxSxmkB8N
2026-07-08T23:15:34.632975+00:00,meteora,FO/USDT,2362323,419640,0.178,13.0,0,EXXfbVutbuexDZtPw8pkSvWxLFoUMBHd544CAGkmtPZm
2026-07-08T23:15:34.632975+00:00,meteora,JUP/MET,35481924,4220943,0.119,8.7,0,22nssrrJJBRDBsvnVjZfQEidAFmxpY2YNtJACU5g4qeN
2026-07-08T23:15:34.632975+00:00,orca,JitoSOL/SOL,5526864,562500,0.102,7.4,0,Hp53XEtt4S8SvPCXarsLSdGfZBuUr5mMmZmX2DRNXQKp
2026-07-08T23:15:34.632975+00:00,orca,JitoSOL/KMNO,800465666,80366346,0.1,7.3,0,2nJjE2ba3iGtefN4UNM1KN5FdYCwssU4Bzhc8URceqh6
2026-07-08T23:15:34.632975+00:00,meteora,JitoSOL/SOL,2118325,130470,0.062,4.5,0,ERgpKaq59Nnfm9YRVAAhnq16cZhHxGcDoDWCzXbhiaNw
2026-07-08T23:15:34.632975+00:00,meteora,JitoSOL/SOL,2552277,118880,0.047,3.4,0,BoeMUkCLHchTD31HdXsbDExuZZfcUppSLpYtV3LZTH6U
2026-07-08T23:15:34.632975+00:00,orca,SOL/USDC,2549948,89575,0.035,2.6,0,EGZ7tiLeH62TPV1gL8WwbXGzEPa9zmcpVnnkPKKnrE2U
2026-07-08T23:15:34.632975+00:00,meteora,JUP/MET,2082777,71152,0.034,2.5,0,Ehp5ZXxifoYG2eh3h1izb9QCNmPuLte4SF5s2dEJtQUA
2026-07-08T23:15:34.632975+00:00,orca,JUP/MET,2198523,52853,0.024,1.8,0,GB7fr2MbeDBiP7fGL87XAhruT9gbSCt1fRYqffJ6eder
2026-07-08T23:15:34.632975+00:00,meteora,FO/USDT,10160164,186516,0.018,1.3,0,AXXo7N2gcLeVyo8nDsN99UW8Fv6NCsa2DP21WD3SKtM3
2026-07-08T23:15:34.632975+00:00,meteora,JUP/MET,56127668,931799,0.017,1.2,0,Hk25q7zys179Awoyaa15DVT8DmLECwyha1F8Drp3r9Bj
2026-07-08T23:31:09.682785+00:00,meteora,SOL/USDC,613753,25420585,41.418,3023.5,1,HTvjzsfX3yU6BUodCjZ5vZkUrAxMDTrBs3CJaq43ashR
2026-07-08T23:31:09.682785+00:00,meteora,ANSEM/USDC,287326,6127582,21.326,1556.8,1,BetLT47eFXDZnjM1cmZhQ4oNJkYaPZYH5yv6atfPfAri
2026-07-08T23:31:09.682785+00:00,meteora,JUP/SOL,51111,375949,7.356,537.0,1,Eio6hAieGTAmKgfvbEfbnXke6o5kfEd74tqHm2Z9SFjf
2026-07-08T23:31:09.682785+00:00,meteora,SOL/USDC,3869452,27136281,7.013,511.9,1,5rCf1DM8LjKTw4YqhnoLcngyZYeNnQqztScTogYHAS6
2026-07-08T23:31:09.682785+00:00,orca,SOL/USDC,25011637,93412700,3.735,272.6,1,Czfq3xZZDmsdGdUyrNLtRhGc47cXcZtLG4crryfu44zE
2026-07-08T23:31:09.682785+00:00,orca,KMNO/USDC,1273173,3848123,3.022,220.6,1,3ndjN1nJVUKGrJBc1hhVpER6kWTZKHdyDrPyCJyX3CXK
2026-07-08T23:31:09.682785+00:00,orca,JUP/SOL,311021,756995,2.434,177.7,1,C1MgLojNLWBKADvu9BHdtgzz1oZX4dZ5zGdGcgvvW8Wz
2026-07-08T23:31:09.682785+00:00,meteora,JUP/USDC,332491,780321,2.347,171.3,1,HfgjZDmexhFVD28Vkb1NbQwWeXP3uDcVTLPjSGHmRHhL
2026-07-08T23:31:09.682785+00:00,meteora,SOL/USDC,88476,178248,2.015,147.1,1,7tSbDdxxUPMiJmVQ7o1ufynyodQ6SQetEoxYWPEjuAec
2026-07-08T23:31:09.682785+00:00,meteora,SOL/USDC,2647608,4370664,1.651,120.5,1,BGm1tav58oGcsQJehL9WXBFXF7D27vZsKefj4xJKD5Y
2026-07-08T23:31:09.682785+00:00,orca,SOL/USDC,220039,339154,1.541,112.5,1,FpCMFDFGYotvufJ7HrFHsWEiiQCGbkLCtwHiDnh7o28Q
2026-07-08T23:31:09.682785+00:00,meteora,JUP/SOL,1104051,1405865,1.273,93.0,1,C8Gr6AUuq9hEdSYJzoEpNcdjpojPZwqG5MtQbeouNNwg
2026-07-08T23:31:09.682785+00:00,orca,JUP/USDC,53843,67361,1.251,91.3,1,4Ui9QdDNuUaAGqCPcDSp191QrixLzQiLxJ1Gnqvz3szP
2026-07-08T23:31:09.682785+00:00,orca,$WIF/SOL,109952,113711,1.034,75.5,1,D6NdKrKNQPmRZCCnG1GqXtF7MMoHB7qR6GU5TkG59Qz1
2026-07-08T23:31:09.682785+00:00,orca,JitoSOL/USDC,352791,327052,0.927,67.7,1,5hWJUNTtEtKmKgDXpthJXXRRmJrz5vJ7uJzrUNVdrwLg
2026-07-08T23:31:09.682785+00:00,meteora,SOL/USDC,1215030,1065344,0.877,64.0,1,8Pm2kZpnxD3hoMmt4bjStX2Pw2Z9abpbHzZxMPqxPmie
2026-07-08T23:31:09.682785+00:00,meteora,SOL/USDC,686077,544158,0.793,57.9,1,CgqwPLSFfht89pF5RSKGUUMFj5zRxoUt4861w2SkXaqY
2026-07-08T23:31:09.682785+00:00,orca,SOL/USDT,478784,269986,0.564,41.2,0,FwewVm8u6tFPGewAyHmWAqad9hmF7mvqxK4mJ7iNqqGC
2026-07-08T23:31:09.682785+00:00,orca,USDC/USDT,1211193,676845,0.559,40.8,0,4fuUiYxTQ6QCrdSq9ouBYcTM7bqSwYTSyLueGZLTy4T4
2026-07-08T23:31:09.682785+00:00,orca,SOL/USDC,190406,75993,0.399,29.1,0,7qbRF6YsyGuLUVs6Y1q64bdVrfe4ZcUUz1JRdoVNUJnm
2026-07-08T23:31:09.682785+00:00,meteora,JUP/MET,205632193,48426917,0.236,17.2,0,3xNGdc58axYtrJ64STQz5TrdQWVtWHLR888iRBbWZnEe
2026-07-08T23:31:09.682785+00:00,meteora,ANTFUN/USDT,14428427,3334869,0.231,16.9,0,9p3aRWnbu5vAmHXvsToMGfwmbkTJSwGr5G5xxSxmkB8N
2026-07-08T23:31:09.682785+00:00,meteora,FO/USDT,2350213,421087,0.179,13.1,0,EXXfbVutbuexDZtPw8pkSvWxLFoUMBHd544CAGkmtPZm
2026-07-08T23:31:09.682785+00:00,meteora,JUP/MET,35457379,4258894,0.12,8.8,0,22nssrrJJBRDBsvnVjZfQEidAFmxpY2YNtJACU5g4qeN
2026-07-08T23:31:09.682785+00:00,orca,JitoSOL/SOL,5749291,608931,0.106,7.7,0,Hp53XEtt4S8SvPCXarsLSdGfZBuUr5mMmZmX2DRNXQKp
2026-07-08T23:31:09.682785+00:00,orca,JitoSOL/KMNO,799973683,81555779,0.102,7.4,0,2nJjE2ba3iGtefN4UNM1KN5FdYCwssU4Bzhc8URceqh6
2026-07-08T23:31:09.682785+00:00,meteora,JitoSOL/SOL,2116437,135077,0.064,4.7,0,ERgpKaq59Nnfm9YRVAAhnq16cZhHxGcDoDWCzXbhiaNw
2026-07-08T23:31:09.682785+00:00,meteora,JitoSOL/SOL,2609826,119118,0.046,3.3,0,BoeMUkCLHchTD31HdXsbDExuZZfcUppSLpYtV3LZTH6U
2026-07-08T23:31:09.682785+00:00,orca,SOL/USDC,2550004,89136,0.035,2.6,0,EGZ7tiLeH62TPV1gL8WwbXGzEPa9zmcpVnnkPKKnrE2U
2026-07-08T23:31:09.682785+00:00,meteora,JUP/MET,2082777,71152,0.034,2.5,0,Ehp5ZXxifoYG2eh3h1izb9QCNmPuLte4SF5s2dEJtQUA
2026-07-08T23:31:09.682785+00:00,orca,JUP/MET,2198523,52853,0.024,1.8,0,GB7fr2MbeDBiP7fGL87XAhruT9gbSCt1fRYqffJ6eder
2026-07-08T23:31:09.682785+00:00,meteora,FO/USDT,10092925,187801,0.019,1.4,0,AXXo7N2gcLeVyo8nDsN99UW8Fv6NCsa2DP21WD3SKtM3
2026-07-08T23:31:09.682785+00:00,meteora,JUP/MET,56127668,931799,0.017,1.2,0,Hk25q7zys179Awoyaa15DVT8DmLECwyha1F8Drp3r9Bj
2026-07-08T23:31:09.682785+00:00,meteora,JUP/MET,51793694,52766,0.001,0.1,0,EoFtFBgdBXzKeqZc5dtYGvnKicWEvfEZGTZQM9eFTJ6b
2026-07-08T23:33:27.803181+00:00,meteora,SOL/USDC,614120,25486535,41.501,3029.6,1,HTvjzsfX3yU6BUodCjZ5vZkUrAxMDTrBs3CJaq43ashR
2026-07-08T23:33:27.803181+00:00,meteora,ANSEM/USDC,288161,6131831,21.279,1553.4,1,BetLT47eFXDZnjM1cmZhQ4oNJkYaPZYH5yv6atfPfAri
2026-07-08T23:33:27.803181+00:00,meteora,JUP/SOL,51048,376016,7.366,537.7,1,Eio6hAieGTAmKgfvbEfbnXke6o5kfEd74tqHm2Z9SFjf
2026-07-08T23:33:27.803181+00:00,meteora,SOL/USDC,3869606,27085019,6.999,511.0,1,5rCf1DM8LjKTw4YqhnoLcngyZYeNnQqztScTogYHAS6
2026-07-08T23:33:27.803181+00:00,orca,SOL/USDC,25007531,93299950,3.731,272.4,1,Czfq3xZZDmsdGdUyrNLtRhGc47cXcZtLG4crryfu44zE
2026-07-08T23:33:27.803181+00:00,orca,KMNO/USDC,1272760,3845836,3.022,220.6,1,3ndjN1nJVUKGrJBc1hhVpER6kWTZKHdyDrPyCJyX3CXK
2026-07-08T23:33:27.803181+00:00,orca,JUP/SOL,310564,757105,2.438,178.0,1,C1MgLojNLWBKADvu9BHdtgzz1oZX4dZ5zGdGcgvvW8Wz
2026-07-08T23:33:27.803181+00:00,meteora,JUP/USDC,332491,780361,2.347,171.3,1,HfgjZDmexhFVD28Vkb1NbQwWeXP3uDcVTLPjSGHmRHhL
2026-07-08T23:33:27.803181+00:00,meteora,SOL/USDC,88473,178293,2.015,147.1,1,7tSbDdxxUPMiJmVQ7o1ufynyodQ6SQetEoxYWPEjuAec
2026-07-08T23:33:27.803181+00:00,meteora,SOL/USDC,2647798,4382915,1.655,120.8,1,BGm1tav58oGcsQJehL9WXBFXF7D27vZsKefj4xJKD5Y
2026-07-08T23:33:27.803181+00:00,orca,SOL/USDC,220064,339154,1.541,112.5,1,FpCMFDFGYotvufJ7HrFHsWEiiQCGbkLCtwHiDnh7o28Q
2026-07-08T23:33:27.803181+00:00,meteora,JUP/SOL,1102203,1407303,1.277,93.2,1,C8Gr6AUuq9hEdSYJzoEpNcdjpojPZwqG5MtQbeouNNwg
2026-07-08T23:33:27.803181+00:00,orca,JUP/USDC,53815,67354,1.252,91.4,1,4Ui9QdDNuUaAGqCPcDSp191QrixLzQiLxJ1Gnqvz3szP
2026-07-08T23:33:27.803181+00:00,orca,$WIF/SOL,110045,114149,1.037,75.7,1,D6NdKrKNQPmRZCCnG1GqXtF7MMoHB7qR6GU5TkG59Qz1
2026-07-08T23:33:27.803181+00:00,orca,JitoSOL/USDC,353015,327045,0.926,67.6,1,5hWJUNTtEtKmKgDXpthJXXRRmJrz5vJ7uJzrUNVdrwLg
2026-07-08T23:33:27.803181+00:00,meteora,SOL/USDC,1214789,1064225,0.876,64.0,1,8Pm2kZpnxD3hoMmt4bjStX2Pw2Z9abpbHzZxMPqxPmie
2026-07-08T23:33:27.803181+00:00,meteora,SOL/USDC,687532,544161,0.791,57.8,1,CgqwPLSFfht89pF5RSKGUUMFj5zRxoUt4861w2SkXaqY
2026-07-08T23:33:27.803181+00:00,orca,SOL/USDT,478995,269793,0.563,41.1,0,FwewVm8u6tFPGewAyHmWAqad9hmF7mvqxK4mJ7iNqqGC
2026-07-08T23:33:27.803181+00:00,orca,USDC/USDT,1211193,676845,0.559,40.8,0,4fuUiYxTQ6QCrdSq9ouBYcTM7bqSwYTSyLueGZLTy4T4
2026-07-08T23:33:27.803181+00:00,orca,SOL/USDC,190368,75943,0.399,29.1,0,7qbRF6YsyGuLUVs6Y1q64bdVrfe4ZcUUz1JRdoVNUJnm
2026-07-08T23:33:27.803181+00:00,meteora,JUP/MET,205823870,48427426,0.235,17.2,0,3xNGdc58axYtrJ64STQz5TrdQWVtWHLR888iRBbWZnEe
2026-07-08T23:33:27.803181+00:00,meteora,ANTFUN/USDT,15201903,3335870,0.219,16.0,0,9p3aRWnbu5vAmHXvsToMGfwmbkTJSwGr5G5xxSxmkB8N
2026-07-08T23:33:27.803181+00:00,meteora,FO/USDT,2351822,421015,0.179,13.1,0,EXXfbVutbuexDZtPw8pkSvWxLFoUMBHd544CAGkmtPZm
2026-07-08T23:33:27.803181+00:00,meteora,JUP/MET,35482342,4297025,0.121,8.8,0,22nssrrJJBRDBsvnVjZfQEidAFmxpY2YNtJACU5g4qeN
2026-07-08T23:33:27.803181+00:00,orca,JitoSOL/SOL,5747078,621873,0.108,7.9,0,Hp53XEtt4S8SvPCXarsLSdGfZBuUr5mMmZmX2DRNXQKp
2026-07-08T23:33:27.803181+00:00,orca,JitoSOL/KMNO,800212085,82058607,0.103,7.5,0,2nJjE2ba3iGtefN4UNM1KN5FdYCwssU4Bzhc8URceqh6
2026-07-08T23:33:27.803181+00:00,meteora,JitoSOL/SOL,2116437,133242,0.063,4.6,0,ERgpKaq59Nnfm9YRVAAhnq16cZhHxGcDoDWCzXbhiaNw
2026-07-08T23:33:27.803181+00:00,meteora,JitoSOL/SOL,2609826,110022,0.042,3.1,0,BoeMUkCLHchTD31HdXsbDExuZZfcUppSLpYtV3LZTH6U
2026-07-08T23:33:27.803181+00:00,orca,SOL/USDC,2550004,89136,0.035,2.6,0,EGZ7tiLeH62TPV1gL8WwbXGzEPa9zmcpVnnkPKKnrE2U
2026-07-08T23:33:27.803181+00:00,meteora,JUP/MET,2082777,71152,0.034,2.5,0,Ehp5ZXxifoYG2eh3h1izb9QCNmPuLte4SF5s2dEJtQUA
2026-07-08T23:33:27.803181+00:00,orca,JUP/MET,2198523,52853,0.024,1.8,0,GB7fr2MbeDBiP7fGL87XAhruT9gbSCt1fRYqffJ6eder
2026-07-08T23:33:27.803181+00:00,meteora,FO/USDT,10092925,187801,0.019,1.4,0,AXXo7N2gcLeVyo8nDsN99UW8Fv6NCsa2DP21WD3SKtM3
2026-07-08T23:33:27.803181+00:00,meteora,JUP/MET,56127668,931799,0.017,1.2,0,Hk25q7zys179Awoyaa15DVT8DmLECwyha1F8Drp3r9Bj
2026-07-08T23:33:27.803181+00:00,meteora,JUP/MET,51793694,52766,0.001,0.1,0,EoFtFBgdBXzKeqZc5dtYGvnKicWEvfEZGTZQM9eFTJ6b
2026-07-09T00:01:14.782786+00:00,meteora,SOL/USDC,615304,25628016,41.651,3040.5,1,HTvjzsfX3yU6BUodCjZ5vZkUrAxMDTrBs3CJaq43ashR
2026-07-09T00:01:14.782786+00:00,meteora,ANSEM/USDC,266228,6118046,22.98,1677.6,1,BetLT47eFXDZnjM1cmZhQ4oNJkYaPZYH5yv6atfPfAri
2026-07-09T00:01:14.782786+00:00,meteora,JUP/SOL,51274,375856,7.33,535.1,1,Eio6hAieGTAmKgfvbEfbnXke6o5kfEd74tqHm2Z9SFjf
2026-07-09T00:01:14.782786+00:00,meteora,SOL/USDC,3895153,26951248,6.919,505.1,1,5rCf1DM8LjKTw4YqhnoLcngyZYeNnQqztScTogYHAS6
2026-07-09T00:01:14.782786+00:00,orca,SOL/USDC,25048399,92971917,3.712,271.0,1,Czfq3xZZDmsdGdUyrNLtRhGc47cXcZtLG4crryfu44zE
2026-07-09T00:01:14.782786+00:00,orca,JUP/SOL,312034,753122,2.414,176.2,1,C1MgLojNLWBKADvu9BHdtgzz1oZX4dZ5zGdGcgvvW8Wz
2026-07-09T00:01:14.782786+00:00,meteora,JUP/USDC,333134,773991,2.323,169.6,1,HfgjZDmexhFVD28Vkb1NbQwWeXP3uDcVTLPjSGHmRHhL
2026-07-09T00:01:14.782786+00:00,meteora,SOL/USDC,88586,176061,1.987,145.1,1,7tSbDdxxUPMiJmVQ7o1ufynyodQ6SQetEoxYWPEjuAec
2026-07-09T00:01:14.782786+00:00,meteora,SOL/USDC,2649846,4346894,1.64,119.8,1,BGm1tav58oGcsQJehL9WXBFXF7D27vZsKefj4xJKD5Y
2026-07-09T00:01:14.782786+00:00,orca,SOL/USDC,220531,337718,1.531,111.8,1,FpCMFDFGYotvufJ7HrFHsWEiiQCGbkLCtwHiDnh7o28Q
2026-07-09T00:01:14.782786+00:00,meteora,JUP/SOL,1101322,1390858,1.263,92.2,1,C8Gr6AUuq9hEdSYJzoEpNcdjpojPZwqG5MtQbeouNNwg
2026-07-09T00:01:14.782786+00:00,orca,JUP/USDC,53954,67430,1.25,91.2,1,4Ui9QdDNuUaAGqCPcDSp191QrixLzQiLxJ1Gnqvz3szP
2026-07-09T00:01:14.782786+00:00,orca,$WIF/SOL,110349,115429,1.046,76.4,1,D6NdKrKNQPmRZCCnG1GqXtF7MMoHB7qR6GU5TkG59Qz1
2026-07-09T00:01:14.782786+00:00,orca,JitoSOL/USDC,353832,326932,0.924,67.5,1,5hWJUNTtEtKmKgDXpthJXXRRmJrz5vJ7uJzrUNVdrwLg
2026-07-09T00:01:14.782786+00:00,meteora,SOL/USDC,1220314,1067814,0.875,63.9,1,8Pm2kZpnxD3hoMmt4bjStX2Pw2Z9abpbHzZxMPqxPmie
2026-07-09T00:01:14.782786+00:00,meteora,SOL/USDC,689255,543874,0.789,57.6,1,CgqwPLSFfht89pF5RSKGUUMFj5zRxoUt4861w2SkXaqY
2026-07-09T00:01:14.782786+00:00,orca,SOL/USDT,480876,270037,0.562,41.0,0,FwewVm8u6tFPGewAyHmWAqad9hmF7mvqxK4mJ7iNqqGC
2026-07-09T00:01:14.782786+00:00,orca,USDC/USDT,1211193,676318,0.558,40.8,0,4fuUiYxTQ6QCrdSq9ouBYcTM7bqSwYTSyLueGZLTy4T4
2026-07-09T00:01:14.782786+00:00,orca,SOL/USDC,190909,75877,0.397,29.0,0,7qbRF6YsyGuLUVs6Y1q64bdVrfe4ZcUUz1JRdoVNUJnm
2026-07-09T00:01:14.782786+00:00,meteora,JUP/MET,204835924,50136386,0.245,17.9,0,3xNGdc58axYtrJ64STQz5TrdQWVtWHLR888iRBbWZnEe
2026-07-09T00:01:14.782786+00:00,meteora,ANTFUN/USDT,15204916,3344608,0.22,16.1,0,9p3aRWnbu5vAmHXvsToMGfwmbkTJSwGr5G5xxSxmkB8N
2026-07-09T00:01:14.782786+00:00,meteora,FO/USDT,2354243,419123,0.178,13.0,0,EXXfbVutbuexDZtPw8pkSvWxLFoUMBHd544CAGkmtPZm
2026-07-09T00:01:14.782786+00:00,meteora,JUP/MET,35444949,4491885,0.127,9.3,0,22nssrrJJBRDBsvnVjZfQEidAFmxpY2YNtJACU5g4qeN
2026-07-09T00:01:14.782786+00:00,orca,JitoSOL/SOL,6194481,740169,0.119,8.7,0,Hp53XEtt4S8SvPCXarsLSdGfZBuUr5mMmZmX2DRNXQKp
2026-07-09T00:01:14.782786+00:00,orca,JitoSOL/KMNO,801120976,85966162,0.107,7.8,0,2nJjE2ba3iGtefN4UNM1KN5FdYCwssU4Bzhc8URceqh6
2026-07-09T00:01:14.782786+00:00,meteora,JitoSOL/SOL,2117849,144879,0.068,5.0,0,ERgpKaq59Nnfm9YRVAAhnq16cZhHxGcDoDWCzXbhiaNw
2026-07-09T00:01:14.782786+00:00,orca,SOL/USDC,2554386,89961,0.035,2.6,0,EGZ7tiLeH62TPV1gL8WwbXGzEPa9zmcpVnnkPKKnrE2U
2026-07-09T00:01:14.782786+00:00,meteora,JUP/MET,2082777,71152,0.034,2.5,0,Ehp5ZXxifoYG2eh3h1izb9QCNmPuLte4SF5s2dEJtQUA
2026-07-09T00:01:14.782786+00:00,orca,JUP/MET,2198523,52853,0.024,1.8,0,GB7fr2MbeDBiP7fGL87XAhruT9gbSCt1fRYqffJ6eder
2026-07-09T00:01:14.782786+00:00,meteora,FO/USDT,10092925,185620,0.018,1.3,0,AXXo7N2gcLeVyo8nDsN99UW8Fv6NCsa2DP21WD3SKtM3
2026-07-09T00:01:14.782786+00:00,meteora,JUP/MET,56127668,931799,0.017,1.2,0,Hk25q7zys179Awoyaa15DVT8DmLECwyha1F8Drp3r9Bj
2026-07-09T00:01:14.782786+00:00,meteora,JUP/MET,51785012,56448,0.001,0.1,0,EoFtFBgdBXzKeqZc5dtYGvnKicWEvfEZGTZQM9eFTJ6b
